news_title,news_source,news_pubtime,news_url
ナマハゲが聖火をお出迎え,読売新聞,2021-06-10,https://www.yomiuri.co.jp/olympic/2020/20210610-OYT8T50010/
茨城県、セレブレーションの観覧客募集…県内在住者対象,読売新聞,2021-06-10,https://www.yomiuri.co.jp/olympic/2020/20210609-OYT8T50266/
ミュンヘン金の柳田英明さん「生まれた町で２回も走れて感無量」…５７年ぶりに聖火ランナー務める,読売新聞,2021-06-10,https://www.yomiuri.co.jp/olympic/2020/20210609-OYT8T50267/
サポートランナーの小中学生ら１６人、聖火リレー走れず…運営側のミス,読売新聞,2021-06-10,https://www.yomiuri.co.jp/olympic/2020/20210609-OYT8T50263/
国内の報道関係者にもワクチン接種を検討…ＧＰＳ対象は海外アスリートも,読売新聞,2021-06-10,https://www.yomiuri.co.jp/olympic/2020/20210610-OYT1T50022/
元競泳日本代表の「天才少女」、亡き父に感謝を込めて聖火つなぐ,読売新聞,2021-06-09,https://www.yomiuri.co.jp/olympic/2020/20210608-OYT8T50162/
壇蜜さん・柳葉敏郎さん、トーチを手に秋田を駆ける,読売新聞,2021-06-09,https://www.yomiuri.co.jp/olympic/2020/20210608-OYT8T50179/
患者に「元気を届けたい」…看護師、聖火つなぐ,読売新聞,2021-06-09,https://www.yomiuri.co.jp/olympic/2020/20210608-OYT8T50171/
人力車を聖火に持ち替えて、女性車夫運ぶ,読売新聞,2021-06-09,https://www.yomiuri.co.jp/olympic/2020/20210608-OYT8T50175/
被災地の聖火ランナー「人が集まれるようになったと伝えたい」,読売新聞,2021-06-08,https://www.yomiuri.co.jp/olympic/2020/20210607-OYT8T50138/
「愛される水族館」願い、飼育員聖火運ぶ,読売新聞,2021-06-08,https://www.yomiuri.co.jp/olympic/2020/20210607-OYT8T50144/
「幻の五輪シューズ」聖火リレーで役目果たす,読売新聞,2021-06-08,https://www.yomiuri.co.jp/olympic/2020/20210607-OYT8T50140/
オリンピアンとして、教育者として「五輪開催いいのか…」選択したのは自ら渦中に飛び込むこと,読売新聞,2021-06-07,https://www.yomiuri.co.jp/olympic/2020/20210607-OYT8T50000/
自身のルーツ・ホストタウンのタンザニアつなぐ不思議な縁,読売新聞,2021-06-07,https://www.yomiuri.co.jp/olympic/2020/20210607-OYT8T50002/
札幌冬季五輪でも聖火走者、「誰かの励みになれば」と再び大舞台へ,読売新聞,2021-06-07,https://www.yomiuri.co.jp/olympic/2020/20210607-OYT8T50007/
２０２１年６月　電話全国世論調査　質問と回答,読売新聞,2021-06-07,https://www.yomiuri.co.jp/election/yoron-chosa/20210606-OYT1T50157/
「敦煌」と日本人　シルクロードにたどる戦後の日中関係　榎本泰子著　中公選書　２０９０円,読売新聞,2021-06-06,https://www.yomiuri.co.jp/culture/book/review/20210605-OYT8T50172/
コロナ禍の五輪　希望つなぐ　　開催意義どう考える…日本オリンピック委員会会長　山下泰裕さん,読売新聞,2021-06-05,https://www.yomiuri.co.jp/commentary/20210604-OYT8T50103/
聖火リレー、４日から新潟県内で…各地で交通規制,読売新聞,2021-06-04,https://www.yomiuri.co.jp/olympic/2020/20210603-OYT8T50093/
「夢と希望を子どもたちへ」４日から新潟県内で聖火リレー,読売新聞,2021-06-04,https://www.yomiuri.co.jp/olympic/2020/20210603-OYT8T50085/
聖火リレー中止区間の代替イベントは無観客でトーチキス…１０日、青森,読売新聞,2021-06-04,https://www.yomiuri.co.jp/olympic/2020/20210603-OYT8T50120/
神奈川・秦野市役所でトーチ展示,読売新聞,2021-06-04,https://www.yomiuri.co.jp/olympic/2020/20210603-OYT8T50124/
神奈川県「お祭り感出せない」…五輪イベント、苦渋の延期,読売新聞,2021-06-04,https://www.yomiuri.co.jp/olympic/2020/20210603-OYT8T50127/
公道中止「残念だった」…ランナーや家族,読売新聞,2021-06-04,https://www.yomiuri.co.jp/olympic/2020/20210604-OYT8T50000/
トーチ高々「ここでもらったエネルギーをバネに頑張りたい」,読売新聞,2021-06-04,https://www.yomiuri.co.jp/olympic/2020/20210604-OYT8T50006/
トーチのボンベ製作者「聖火を絶やさない」…ランナーとしても思い遂げる,読売新聞,2021-06-04,https://www.yomiuri.co.jp/olympic/2020/20210604-OYT8T50002/
東京オリンピック・日本サッカーの日程,読売新聞,2021-06-04,https://www.yomiuri.co.jp/olympic/2020/20210604-SYT8T2092296/
東京オリンピック・男子サッカー 日本の日程,読売新聞,2021-06-04,https://www.yomiuri.co.jp/olympic/2020/20210604-SYT8T2089387/
東京オリンピック・女子サッカー　日本の日程,読売新聞,2021-06-04,https://www.yomiuri.co.jp/olympic/2020/20210604-SYT8T2091996/
表彰台やボランティア衣装など公開…東京五輪まで５０日,読売新聞,2021-06-03,https://www.yomiuri.co.jp/stream/article/17599/
宮城の聖火リレー、仙台市を除く１５市町村は変更求めず,読売新聞,2021-06-03,https://www.yomiuri.co.jp/olympic/2020/20210602-OYT8T50237/
立川志の輔さん、トーチを眺めながら「意外と重いね」,読売新聞,2021-06-03,https://www.yomiuri.co.jp/olympic/2020/20210602-OYT8T50234/
聖火皿に移した若村麻由美さん「知恵と努力でコロナを克服していけると感じた」,読売新聞,2021-06-02,https://www.yomiuri.co.jp/olympic/2020/20210601-OYT8T50189/
重量挙げジュニア日本記録選手、聖火掲げ飛躍誓う,読売新聞,2021-06-02,https://www.yomiuri.co.jp/olympic/2020/20210601-OYT8T50192/
「世界一足が速い神主」、トーチを「神社に飾りたい」,読売新聞,2021-06-02,https://www.yomiuri.co.jp/olympic/2020/20210601-OYT8T50197/
ランナーの思いをＳＮＳで発信、石川の和菓子職人が発案,読売新聞,2021-06-01,https://www.yomiuri.co.jp/olympic/2020/20210601-OYT8T50005/
６４年東京五輪の名場面を振り返る…千葉で写真展,読売新聞,2021-06-01,https://www.yomiuri.co.jp/olympic/2020/20210531-OYT8T50161/
おなじみの「野獣ポーズ」で沸かせて…松本薫さんが聖火皿に点火,読売新聞,2021-06-01,https://www.yomiuri.co.jp/olympic/2020/20210531-OYT8T50148/
トーチキスで伝統の「でくまわし」、石川県の聖火リレーでPR,読売新聞,2021-06-01,https://www.yomiuri.co.jp/olympic/2020/20210531-OYT8T50152/
［時代の証言者］踊り続けて７０年　森下　洋子＜７＞極寒　笑顔のグラビア,読売新聞,2021-06-01,https://www.yomiuri.co.jp/serial/jidai/20210531-OYT8T50074/
福島の小中学生と交流続ける塾講師、聖火つなぎ「会場に運ばれるのを見てほしい」,読売新聞,2021-05-31,https://www.yomiuri.co.jp/olympic/2020/20210531-OYT8T50001/
小２の時に憧れた車いすバスケ、Ｕ２３で活躍する選手に…「差別なく暮らせる社会に」,読売新聞,2021-05-31,https://www.yomiuri.co.jp/olympic/2020/20210531-OYT8T50005/
「ママが闘う姿を目に焼き付けて」、鍛え直し挑む３度目の五輪,読売新聞,2021-05-31,https://www.yomiuri.co.jp/olympic/2020/20210531-OYT8T50003/
壇蜜さんや柳葉敏郎さん、秋田の聖火ランナーに,読売新聞,2021-05-28,https://www.yomiuri.co.jp/olympic/2020/20210528-OYT8T50004/
ミュージシャン・西川貴教さん、滋賀県最初の聖火ランナー,読売新聞,2021-05-28,https://www.yomiuri.co.jp/olympic/2020/20210527-OYT8T50116/
千葉県内の聖火リレー、全区間で中止「安全安心を最優先」,読売新聞,2021-05-28,https://www.yomiuri.co.jp/olympic/2020/20210527-OYT8T50107/
集団接種の合間縫い、医師も聖火運ぶ,読売新聞,2021-05-28,https://www.yomiuri.co.jp/olympic/2020/20210527-OYT8T50120/
日本サッカー、コロナ下の代表戦ラッシュが生じた事情…３週間弱で計９試合,読売新聞,2021-05-27,https://www.yomiuri.co.jp/olympic/2020/20210525-OYT1T50197/
将棋連盟会長、聖火に故郷への思い新た「少年時代育てて頂いた皆さんに感謝」,読売新聞,2021-05-27,https://www.yomiuri.co.jp/olympic/2020/20210526-OYT8T50188/
全盲のマラソンランナー、トーチ掲げ笑顔「オリンピックにいっちょかみした」,読売新聞,2021-05-27,https://www.yomiuri.co.jp/olympic/2020/20210526-OYT8T50185/
６４年の聖火ランナー、再び大舞台へ「今日までいろんな人に恵まれた」,読売新聞,2021-05-27,https://www.yomiuri.co.jp/olympic/2020/20210526-OYT8T50196/
川崎聖火、１万３０００人規模で出発式…リレー「公道で実施」黒岩知事が明言,読売新聞,2021-05-27,https://www.yomiuri.co.jp/olympic/2020/20210526-OYT8T50207/
聖火リレーの公道走行、青森県内３市が中止要請,読売新聞,2021-05-27,https://www.yomiuri.co.jp/olympic/2020/20210526-OYT8T50198/
聖火リレー「ドローン飛行は禁止」、警察が注意呼びかけ,読売新聞,2021-05-27,https://www.yomiuri.co.jp/olympic/2020/20210526-OYT8T50200/
右手に聖火、足一本で懸命に車いす回す「スポーツは生きる希望を与えてくれた」,読売新聞,2021-05-27,https://www.yomiuri.co.jp/olympic/2020/20210526-OYT8T50197/
元日本代表の釜本さんや奥野さん、グループで参加…順番にトーチを手に「心が明るくなる」,読売新聞,2021-05-27,https://www.yomiuri.co.jp/olympic/2020/20210526-OYT8T50192/
聖火リレー、富山は公道中止…代替措置でゴール地点での式典検討,読売新聞,2021-05-27,https://www.yomiuri.co.jp/olympic/2020/20210526-OYT8T50209/
聖火リレーの到着セレモニー、無観客で実施…山形,読売新聞,2021-05-27,https://www.yomiuri.co.jp/olympic/2020/20210526-OYT8T50206/
重量挙げでパリ五輪目指す川崎菜々紗さん、トーチ掲げ「楽しかった」,読売新聞,2021-05-26,https://www.yomiuri.co.jp/olympic/2020/20210526-OYT8T50016/
京都の聖火リレー、トーチキスに拍手響く…見守った家族「こんなに感動するなんて」,読売新聞,2021-05-26,https://www.yomiuri.co.jp/olympic/2020/20210526-OYT8T50012/
天国の父に雄姿見せたい…陸上マスターズ優勝者が掲げたトーチ,読売新聞,2021-05-26,https://www.yomiuri.co.jp/olympic/2020/20210526-OYT8T50014/
女子レスリング元世界王者・正田絢子さん「走れたことに感謝」,読売新聞,2021-05-26,https://www.yomiuri.co.jp/olympic/2020/20210525-OYT8T50215/
山形の聖火リレー、実行委選考分の５３人中３０人は１０代,読売新聞,2021-05-26,https://www.yomiuri.co.jp/olympic/2020/20210525-OYT8T50217/
最高のコンビが心結ぶ、シドニーパラ「銀」齊藤晃司さんと伴走の土田政志さん,読売新聞,2021-05-25,https://www.yomiuri.co.jp/olympic/2020/20210525-OYT8T50002/
亡き娘の笑顔に見守られて走る…尼崎のヘルパー、トーチを子どもたちに,読売新聞,2021-05-25,https://www.yomiuri.co.jp/olympic/2020/20210525-OYT8T50007/
１９６４年の国立競技場をカラー化…五輪陸上競技スタートの日に空撮,読売新聞,2021-05-25,https://www.yomiuri.co.jp/topics/20210517-OYT8T50070/
１９６４年のレガシー・戦後モダニズム建築の傑作が国重要文化財に,読売新聞,2021-05-25,https://www.yomiuri.co.jp/olympic/2020/20210524-OYT8T50038/
鳥取城北高相撲部コーチ、来日から２０年経て「夢かなった」,読売新聞,2021-05-24,https://www.yomiuri.co.jp/olympic/2020/20210523-OYT8T50126/
聖火リレー参加の陣内智則さん「皆さんが笑顔になれたら」,読売新聞,2021-05-24,https://www.yomiuri.co.jp/olympic/2020/20210523-OYT8T50123/
来年の北京目指すパラのスキー選、「思いをつなぐ意味がある」,読売新聞,2021-05-21,https://www.yomiuri.co.jp/olympic/2020/20210521-OYT8T50023/
「元気になった真備を知ってほしい」…西日本豪雨で浸水被害の歯科医,読売新聞,2021-05-21,https://www.yomiuri.co.jp/olympic/2020/20210521-OYT8T50001/
静岡県、リレーの実施は感染状況次第「柔軟に判断」,読売新聞,2021-05-20,https://www.yomiuri.co.jp/olympic/2020/20210519-OYT8T50171/
姫路城では「トーチキス」のみ実施…走行断念,読売新聞,2021-05-20,https://www.yomiuri.co.jp/olympic/2020/20210519-OYT8T50167/
ガンバレルーヤのまひるさん、辞退「地元の皆様にご迷惑をおかけする可能性」,読売新聞,2021-05-20,https://www.yomiuri.co.jp/olympic/2020/20210519-OYT8T50170/
「コロナ収束の火になれば」…岡山県医師会長の松山正春さん、決意新たに,読売新聞,2021-05-20,https://www.yomiuri.co.jp/olympic/2020/20210519-OYT8T50191/
元小学校長、豪雨被災の町の「復興を願って」,読売新聞,2021-05-20,https://www.yomiuri.co.jp/olympic/2020/20210519-OYT8T50179/
支えてくれたデニムの街へ恩返し,読売新聞,2021-05-20,https://www.yomiuri.co.jp/olympic/2020/20210519-OYT8T50188/
秋田市内のルート一部短縮、駅前の走行取りやめ,読売新聞,2021-05-20,https://www.yomiuri.co.jp/olympic/2020/20210519-OYT8T50172/
モスクワ五輪「幻の陸上代表」、長尾隆史さん「思いに一区切り付けられそう」,読売新聞,2021-05-20,https://www.yomiuri.co.jp/olympic/2020/20210519-OYT8T50182/
埼玉県での観客有無、２３日にも組織委へ報告…最終決定は６月２９日,読売新聞,2021-05-20,https://www.yomiuri.co.jp/olympic/2020/20210519-OYT8T50176/
大手術を乗り越えた１７歳少女、「病気で苦しむ人に勇気を送りたい」,読売新聞,2021-05-20,https://www.yomiuri.co.jp/olympic/2020/20210519-OYT8T50185/
元宝塚トップ・望海風斗さん「悩みに悩んだ末」辞退,読売新聞,2021-05-20,https://www.yomiuri.co.jp/olympic/2020/20210519-OYT8T50195/
聖火、亡き次男と運ぶ…「家族が前へ進んでいることが伝われば」,読売新聞,2021-05-19,https://www.yomiuri.co.jp/olympic/2020/20210518-OYT8T50185/
元カープ・大下さん、２回目の聖火ラン「国民全体で五輪盛り上げたい」,読売新聞,2021-05-19,https://www.yomiuri.co.jp/olympic/2020/20210518-OYT8T50192/
「ペルテス病」克服し聖火リレー参加「病に苦しむ人へ勇気を」,読売新聞,2021-05-19,https://www.yomiuri.co.jp/olympic/2020/20210518-OYT8T50195/
「ニッチェ」江上敬子さんも聖火つなぐ,読売新聞,2021-05-18,https://www.yomiuri.co.jp/olympic/2020/20210518-OYT8T50035/
福井県のランナー、元モー娘・高橋愛さんら計１８４人発表,読売新聞,2021-05-18,https://www.yomiuri.co.jp/olympic/2020/20210517-OYT8T50154/
宮城の聖火リレー式典、観覧予約者が定員割れ…コロナで人混み警戒か,読売新聞,2021-05-18,https://www.yomiuri.co.jp/olympic/2020/20210517-OYT8T50148/
滋賀の走者、武豊さん・西川貴教さんら１７８人,読売新聞,2021-05-18,https://www.yomiuri.co.jp/olympic/2020/20210518-OYT8T50003/
被爆者がトーチキス、広島・原爆死没者慰霊碑に一礼,読売新聞,2021-05-18,https://www.yomiuri.co.jp/olympic/2020/20210518-OYT8T50001/
モスクワ五輪「幻の競泳代表」、香山進介さん「第二の人生のスタート」,読売新聞,2021-05-18,https://www.yomiuri.co.jp/olympic/2020/20210517-OYT8T50162/
五輪聖火ランナーに大学生ＯＧ…箕面自由学園,読売新聞,2021-05-17,https://www.yomiuri.co.jp/kyoiku/support/information/CO044511/20210514-OYT8T50062/
がん克服のボーカリスト「誰かの勇気になれば」、笑顔で駆ける,読売新聞,2021-05-17,https://www.yomiuri.co.jp/olympic/2020/20210517-OYT8T50000/
「町技」ホッケーのチーム、スティックをトーチに持ち替えエール,読売新聞,2021-05-17,https://www.yomiuri.co.jp/olympic/2020/20210517-OYT8T50004/
被災地にケーキ贈るボランティア「本当に幸せ」、トーチに充実感,読売新聞,2021-05-17,https://www.yomiuri.co.jp/olympic/2020/20210517-OYT8T50002/
徐々に視力失う難病の女性、スポーツに挑み続け「今が楽しい」,読売新聞,2021-05-17,https://www.yomiuri.co.jp/olympic/2020/20210517-OYT8T50005/
６４年五輪懐かしの名場面　水戸で報道写真展,読売新聞,2021-05-16,https://www.yomiuri.co.jp/local/ibaraki/news/20210515-OYTNT50081/
バスケット男子日本代表　１年４か月ぶりの国際試合などを経て五輪メンバー絞り込みへ,読売新聞,2021-05-15,https://www.yomiuri.co.jp/olympic/2020/20210514-OYT8T50066/
リレー中止の山口県、走る予定だった５３人が点火式訪れる,読売新聞,2021-05-14,https://www.yomiuri.co.jp/olympic/2020/20210513-OYT8T50116/
山口県１人目のランナーだった主婦、錦帯橋で「幻のリレー」,読売新聞,2021-05-14,https://www.yomiuri.co.jp/olympic/2020/20210513-OYT8T50117/
「電話連絡」「看板撤去」、聖火リレー中止の余波広がる,読売新聞,2021-05-13,https://www.yomiuri.co.jp/olympic/2020/20210513-OYT8T50005/
ロバート・秋山さんもポーズ…雨天の聖火点火式,読売新聞,2021-05-13,https://www.yomiuri.co.jp/olympic/2020/20210513-OYT8T50004/
「障害者にスポーツの感動を」…銀メダリストの母が聖火に託す思い,読売新聞,2021-05-13,https://www.yomiuri.co.jp/olympic/2020/20210513-OYT8T50001/
吉田羊さん「皆さんの思いも乗せて聖火つないだ」,読売新聞,2021-05-12,https://www.yomiuri.co.jp/olympic/2020/20210511-OYT8T50193/
古賀稔彦さんの写真を手に、母・愛子さん聖火ランナー見守る,読売新聞,2021-05-11,https://www.yomiuri.co.jp/olympic/2020/20210511-OYT8T50003/
６４年の聖火リレー知るアマチュアカメラマン、「聖火の炎」に期待,読売新聞,2021-05-11,https://www.yomiuri.co.jp/olympic/2020/20210511-OYT8T50011/
静岡県で聖火ボランティア不足、１０市町で定員割れ,読売新聞,2021-05-11,https://www.yomiuri.co.jp/olympic/2020/20210510-OYT8T50168/
当時１８歳、６４年にも聖火ランナー…「以後の人生の励みに」,読売新聞,2021-05-11,https://www.yomiuri.co.jp/olympic/2020/20210511-OYT8T50000/
Ｊ１鳥栖の豊田陽平選手、「第二の故郷」で聖火リレー,読売新聞,2021-05-11,https://www.yomiuri.co.jp/olympic/2020/20210511-OYT8T50008/
元五輪走り高跳び選手の森田久代さん、笑顔で聖火リレー,読売新聞,2021-05-11,https://www.yomiuri.co.jp/olympic/2020/20210511-OYT8T50006/
「栄光の架橋」演奏、太良・海中鳥居前からスタート,読売新聞,2021-05-10,https://www.yomiuri.co.jp/olympic/2020/20210509-OYT8T50116/
秋田知事、聖火リレー「セレモニーやらない」,読売新聞,2021-05-10,https://www.yomiuri.co.jp/olympic/2020/20210509-OYT8T50105/
「諦めなければ再起できる」失明乗り越え志願…伴走の妻とトーチ掲げる,読売新聞,2021-05-10,https://www.yomiuri.co.jp/olympic/2020/20210509-OYT8T50106/
全国制覇のバレーボール指導者、教え子の応援に笑顔,読売新聞,2021-05-10,https://www.yomiuri.co.jp/olympic/2020/20210509-OYT8T50121/
車いすマラソンのランナー「希望と勇気届けたい」,読売新聞,2021-05-10,https://www.yomiuri.co.jp/olympic/2020/20210509-OYT8T50119/
２０２１年５月　電話全国世論調査　質問と回答,読売新聞,2021-05-10,https://www.yomiuri.co.jp/election/yoron-chosa/20210509-OYT1T50154/
五輪つなぐ友好の花　館山市 オランダ大使館と交流,読売新聞,2021-05-10,https://www.yomiuri.co.jp/local/chiba/news/20210509-OYTNT50079/
「ニッチェ」江上敬子さん、島根の聖火ランナーに,読売新聞,2021-05-07,https://www.yomiuri.co.jp/olympic/2020/20210507-OYT8T50015/
福岡の聖火リレー、７市町で公道での走行中止,読売新聞,2021-05-07,https://www.yomiuri.co.jp/olympic/2020/20210507-OYT8T50012/
阿蘇と関わり続けたい…キャンパス被災の東海大生ら１０人,読売新聞,2021-05-07,https://www.yomiuri.co.jp/olympic/2020/20210506-OYT8T50118/
熊本の復興信じ聖火つなぐ…豪雨、ボートで救助奔走・ラフティング会社経営の堺大誉さん,読売新聞,2021-05-07,https://www.yomiuri.co.jp/olympic/2020/20210506-OYT8T50111/
困難、負けていられない…事故で負傷の３か月後に地震・車いす陸上選手の中尾有沙さん,読売新聞,2021-05-07,https://www.yomiuri.co.jp/olympic/2020/20210506-OYT8T50121/
聖火きょう長崎・南島原出発、１７市町巡る…俳優・佐藤浩市さん辞退,読売新聞,2021-05-07,https://www.yomiuri.co.jp/olympic/2020/20210506-OYT8T50125/
「毎日ずっと同じゲーム」の苦悩越え、パリへと歩む…東京オリンピック逃した銅メダリスト・荒井広宙,読売新聞,2021-05-06,https://www.yomiuri.co.jp/olympic/2020/20210429-OYT1T50036/
マラソン五輪テスト大会＠札幌・武井隆次さんリアルタイム解説,読売新聞,2021-05-05,https://www.yomiuri.co.jp/olympic/2020/20210428-OYT8T50072/
札幌で５日に五輪マラソンのテスト大会…服部勇馬「北海道大構内がカギ」,読売新聞,2021-05-04,https://www.yomiuri.co.jp/olympic/2020/20210504-OYT1T50102/
６４年五輪の熱狂感じて…福井県立歴史博物館で企画展,読売新聞,2021-05-03,https://www.yomiuri.co.jp/olympic/2020/20210502-OYT8T50112/
聖火リレーの熱狂振り返る…佐賀県立公文書館で前回東京五輪の資料展,読売新聞,2021-05-03,https://www.yomiuri.co.jp/olympic/2020/20210502-OYT8T50106/
無観客開催で会場には行けなかったが…６４年大会の走者「聖火に託した平和」,読売新聞,2021-05-03,https://www.yomiuri.co.jp/olympic/2020/20210502-OYT8T50129/
「これからも挑戦を続けたい」電動車椅子で１００メートルを完走,読売新聞,2021-05-03,https://www.yomiuri.co.jp/olympic/2020/20210502-OYT8T50105/
激戦地のリレー感慨「父の眠る地走れた」…６４年国内第１走者の宮城勇さん,読売新聞,2021-05-03,https://www.yomiuri.co.jp/olympic/2020/20210502-OYT8T50135/
新競技　スケートボードとは～競技としての成り立ちと国内事情など,読売新聞,2021-05-01,https://www.yomiuri.co.jp/olympic/2020/20210518-OYT8T50014/
５７年前に聖火つないだ「じいじ」に１７歳「やっぱりすごい」,読売新聞,2021-04-30,https://www.yomiuri.co.jp/olympic/2020/20210429-OYT8T50002/
「少しでも恩返しができたなら」…上白石萌歌さん、故郷で聖火つなぐ,読売新聞,2021-04-30,https://www.yomiuri.co.jp/olympic/2020/20210429-OYT8T50001/
「あなただけの声だね」…友人に感謝し走る聖火、ＬＧＢＴに理解を,読売新聞,2021-04-28,https://www.yomiuri.co.jp/olympic/2020/20210428-OYT8T50005/
ロンドン・女子バレー「銅」の迫田さおりさん、手を振り駆ける…北京・競泳「銅」の宮下純一さんも,読売新聞,2021-04-28,https://www.yomiuri.co.jp/olympic/2020/20210428-OYT8T50007/
乳がん乗り越えた看護師、「がんと闘う人に勇気を」…笑顔絶やさず走りきる,読売新聞,2021-04-28,https://www.yomiuri.co.jp/olympic/2020/20210428-OYT8T50003/
東京五輪競泳代表・寺村美穂選手「集大成に」…出身地で健闘誓う,読売新聞,2021-04-28,https://www.yomiuri.co.jp/olympic/2020/20210428-OYT8T50033/
東京五輪競泳代表・小堀倭加選手「決勝に進みたい」…出身地で抱負語る,読売新聞,2021-04-28,https://www.yomiuri.co.jp/olympic/2020/20210428-OYT8T50035/
サガン鳥栖・豊田陽平選手ら聖火ランナーに…佐賀で５月９、１０日にリレー,読売新聞,2021-04-28,https://www.yomiuri.co.jp/olympic/2020/20210428-OYT8T50032/
パラ出場目指した元陸上選手、宮崎の聖火リレーで走る「陸上人生に一つの区切り」,読売新聞,2021-04-27,https://www.yomiuri.co.jp/olympic/paralympic2020/20210427-OYT8T50024/
山梨の聖火リレー出発式と到着式典、来場者を事前予約制に,読売新聞,2021-04-27,https://www.yomiuri.co.jp/olympic/2020/20210426-OYT8T50163/
兵庫の聖火リレー、ビーチバレーの村上礼華選手辞退,読売新聞,2021-04-27,https://www.yomiuri.co.jp/olympic/2020/20210426-OYT8T50169/
鹿児島の聖火リレー、志布志市から出発…１９２人でつなぐ,読売新聞,2021-04-27,https://www.yomiuri.co.jp/olympic/2020/20210426-OYT8T50167/
長崎のリレーに佐藤浩市さんや隈研吾さん…仲里依紗さん辞退,読売新聞,2021-04-27,https://www.yomiuri.co.jp/olympic/2020/20210426-OYT8T50168/
柔道全日本男子監督の井上康生さん、宮崎のリレー締めくくる,読売新聞,2021-04-27,https://www.yomiuri.co.jp/olympic/2020/20210426-OYT8T50164/
６８歳の宗兄弟、笑顔でトーチ運ぶ「五輪は人生そのもの」,読売新聞,2021-04-26,https://www.yomiuri.co.jp/olympic/2020/20210426-OYT8T50001/
亡き友と孫、３人で聖火を運ぶ…６４年大会の競歩代表,読売新聞,2021-04-26,https://www.yomiuri.co.jp/olympic/2020/20210425-OYT8T50143/
１９６４年大会伴走者の祖父へ届け、女子高生「成長した姿見て」,読売新聞,2021-04-23,https://www.yomiuri.co.jp/olympic/2020/20210423-OYT8T50003/
義母の介護に豪雨被災…米国男性が聖火で伝えたい大洲の魅力とは,読売新聞,2021-04-23,https://www.yomiuri.co.jp/olympic/2020/20210423-OYT8T50001/
東京スタジアムで「７人制ラグビー」運営テスト…代表候補と「バブル」方式など点検,読売新聞,2021-04-22,https://www.yomiuri.co.jp/stream/article/17373/
「技に磨きをかける」「兄弟で金メダル」　テコンドー内定４選手が抱負,読売新聞,2021-04-22,https://www.yomiuri.co.jp/olympic/2020/20210422-OYT8T50010/
泣いてあきらめた幻のモスクワ五輪代表、選手を思い聖火ランナーに,読売新聞,2021-04-22,https://www.yomiuri.co.jp/olympic/2020/20210421-OYT8T50181/
聖火リレー、九州入り…ランナーにタレント・指原莉乃さんや俳優の石丸謙二郎さん,読売新聞,2021-04-22,https://www.yomiuri.co.jp/olympic/2020/20210422-OYT8T50001/
公道での聖火リレー中止、松山市は城山公園でランナー２７人が点火セレモニー,読売新聞,2021-04-22,https://www.yomiuri.co.jp/olympic/2020/20210422-OYT8T50006/
長野五輪開会式の日に生まれたダウン症の男性、伴走者と走る,読売新聞,2021-04-22,https://www.yomiuri.co.jp/olympic/2020/20210422-OYT8T50002/
札幌に強豪国集結　サッカー組み合わせ　なでしこ熱戦期待,読売新聞,2021-04-22,https://www.yomiuri.co.jp/local/hokkaido/news/20210421-OYTNT50122/
アスリート・ファーストから多様なステークホルダーの利益配慮―持続可能性へ変革を求められるスポーツ団体,読売新聞,2021-04-16,https://www.yomiuri.co.jp/choken/kijironko/cksocialsports/20210415-OYT8T50053/
聖火も落語も　火は人をつなぐコミュニケーション【隅田川馬石のやわらか噺】,読売新聞,2021-04-15,https://www.yomiuri.co.jp/sports/baseki_yawaraka/20210409-OYT8T50085/
札幌「チカホ」で世界トップ選手感じて…壁に競歩シルエット、地面に記録保持者の歩幅,読売新聞,2021-04-11,https://www.yomiuri.co.jp/national/20210411-OYT1T50129/
４冠達成の池江璃花子「入場した瞬間から絶対に勝つと意気込んだ」,読売新聞,2021-04-10,https://www.yomiuri.co.jp/olympic/2020/20210410-OYT1T50189/
池江、５０ｍ自由形も優勝「４冠達成できてすごくうれしい」…五輪派遣標準記録には届かず,読売新聞,2021-04-10,https://www.yomiuri.co.jp/olympic/2020/20210410-OYT1T50188/
池江璃花子、５０ｍバタフライも優勝…個人３冠達成,読売新聞,2021-04-10,https://www.yomiuri.co.jp/sports/etc/20210410-OYT1T50181/
池江璃花子、非五輪種目５０バタで決勝進出…全体２位,読売新聞,2021-04-10,https://www.yomiuri.co.jp/sports/etc/20210410-OYT1T50119/
池江璃花子、女子５０自で復帰後ベスト…決勝進出,読売新聞,2021-04-09,https://www.yomiuri.co.jp/olympic/2020/20210409-OYT1T50223/
難波実夢と小堀倭加が８００自内定、日本勢３大会ぶり,読売新聞,2021-04-09,https://www.yomiuri.co.jp/olympic/2020/20210409-OYT1T50221/
水沼尚輝、１００バタＶで初の五輪…川本武史も,読売新聞,2021-04-09,https://www.yomiuri.co.jp/olympic/2020/20210409-OYT1T50218/
池江璃花子、５０ｍ自由形予選で全体２位…午後の準決勝に進出,読売新聞,2021-04-09,https://www.yomiuri.co.jp/olympic/2020/20210409-OYT1T50140/
瀬戸と萩野、２００個メでワンツーフィニッシュ…ともに代表内定「二人で日本を盛り上げたい」,読売新聞,2021-04-08,https://www.yomiuri.co.jp/olympic/2020/20210408-OYT1T50269/
入江２冠、２００も五輪内定「感謝を泳ぎで伝える」…２位の砂間も代表に,読売新聞,2021-04-08,https://www.yomiuri.co.jp/olympic/2020/20210408-OYT1T50261/
池江、２種目で五輪内定「５３秒台の目標を達成できてうれしい」,読売新聞,2021-04-08,https://www.yomiuri.co.jp/olympic/2020/20210408-OYT1T50260/
池江璃花子、１００自もＶ…リレーメンバーで五輪内定,読売新聞,2021-04-08,https://www.yomiuri.co.jp/olympic/2020/20210408-OYT1T50259/
池江ダントツ　１００自の決勝へ,読売新聞,2021-04-08,https://www.yomiuri.co.jp/olympic/2020/20210408-OYT8T50013/
佐藤翔馬「驚くほど平常心で臨めた」…２００平で日本新,読売新聞,2021-04-07,https://www.yomiuri.co.jp/olympic/2020/20210407-OYT1T50204/
池江璃花子、１００ｍ自由形も決勝進出…全体１位,読売新聞,2021-04-07,https://www.yomiuri.co.jp/olympic/2020/20210407-OYT1T50202/
男子１００自・中村克７連覇、女子２００バタ・長谷川涼香３連覇…ともに五輪代表内定,読売新聞,2021-04-07,https://www.yomiuri.co.jp/olympic/2020/20210407-OYT1T50196/
男子２００平、佐藤翔馬が日本新Ｖ…２位武良竜也とともに五輪代表内定,読売新聞,2021-04-07,https://www.yomiuri.co.jp/olympic/2020/20210407-OYT1T50197/
池江、１００ｍ自由形予選で全体１位…準決勝進出,読売新聞,2021-04-07,https://www.yomiuri.co.jp/olympic/2020/20210407-OYT1T50117/
２００ｍ個人メドレーは寺村美穂が優勝、大橋悠依は２位…ともに五輪代表内定,読売新聞,2021-04-06,https://www.yomiuri.co.jp/olympic/2020/20210406-OYT1T50222/
本多灯が２００ｍバタフライ優勝、五輪代表内定…２位瀬戸大也も切符,読売新聞,2021-04-06,https://www.yomiuri.co.jp/olympic/2020/20210406-OYT1T50220/
池江璃花子、次は１００自由形…新たな種目で代表入りの可能性は,読売新聞,2021-04-06,https://www.yomiuri.co.jp/olympic/2020/20210406-OYT1T50216/
［Tokyo2020+　挑む／視る］「それ」が射る　黙々と雨に打たれ,読売新聞,2021-04-06,https://www.yomiuri.co.jp/olympic/2020/20210405-OYT1T50189/
渡部が３度目五輪へ、青木は２６歳で初…女子１００平,読売新聞,2021-04-05,https://www.yomiuri.co.jp/olympic/2020/20210405-OYT1T50149/
松元が２００ｍ自は日本新で初の五輪代表、萩野３位…１００ｍ背は入江が４大会連続,読売新聞,2021-04-05,https://www.yomiuri.co.jp/olympic/2020/20210405-OYT1T50146/
池江選手のライバル、シェーストレム選手から祝福のビデオメッセージ,読売新聞,2021-04-05,https://www.yomiuri.co.jp/stream/article/17270/
「大きな刺激をくれてありがとう」…世界女王のシェーストレムが池江に祝福メッセージ,読売新聞,2021-04-05,https://www.yomiuri.co.jp/olympic/2020/20210405-OYT8T50040/
２０２１年４月　電話全国世論調査　質問と回答,読売新聞,2021-04-05,https://www.yomiuri.co.jp/election/yoron-chosa/20210404-OYT1T50211/
五輪彩るアート制作へ,読売新聞,2021-04-05,https://www.yomiuri.co.jp/local/kanagawa/news/20210405-OYTNT50009/
小堀倭加が逆転Ｖ、難波実夢も五輪代表に内定…女子４００自,読売新聞,2021-04-04,https://www.yomiuri.co.jp/olympic/2020/20210404-OYT1T50174/
五輪代表に内定の池江「努力は必ず報われるんだな」…ゴール後に涙ぐむ,読売新聞,2021-04-04,https://www.yomiuri.co.jp/olympic/2020/20210404-OYT1T50172/
笑顔つなぐ聖火…リレー１日目,読売新聞,2021-04-04,https://www.yomiuri.co.jp/olympic/2020/20210404-OYT8T50012/
「一番幸せ者」「リオのメダルは第一歩」…五輪待つ春、動画でふれる珠玉の名言＜４＞,読売新聞,2021-04-04,https://www.yomiuri.co.jp/culture/20210331-OYT8T50053/
池江璃花子が復帰後の最速タイム、１００バタで決勝進出…競泳日本選手権,読売新聞,2021-04-03,https://www.yomiuri.co.jp/olympic/2020/20210403-OYT1T50156/
長野県内最終走者・小平選手、無事つなぐ,読売新聞,2021-04-03,https://www.yomiuri.co.jp/olympic/2020/20210403-OYT8T50013/
箱根駅伝名将の教えも胸に４分台…マラソン日本新・鈴木健吾の「継続力」,読売新聞,2021-03-26,https://www.yomiuri.co.jp/sports/etc/20210324-OYT1T50235/
聖火リレースタート、沿道の観覧ではここに注意,読売新聞,2021-03-26,https://www.yomiuri.co.jp/olympic/2020/20210325-OYT8T50064/
聖火リレー７月に東京へ「待ち遠しい」…感染対策求める声も,読売新聞,2021-03-26,https://www.yomiuri.co.jp/olympic/2020/20210326-OYT8T50007/
【特集】米修学旅行効果高める留学生との交流…専大松戸,読売新聞,2021-03-25,https://www.yomiuri.co.jp/kyoiku/support/information/CO036507/20210325-OYT8T50020/
古賀稔彦さん死去…重圧背負った柔の道「気は優しく力持ち」,読売新聞,2021-03-25,https://www.yomiuri.co.jp/sports/etc/20210324-OYT1T50354/
性的ハラスメント目的の撮影を禁止行為に,読売新聞,2021-03-23,https://www.yomiuri.co.jp/olympic/2020/20210323-OYT8T50014/
茨城に国内最大級スケボーパーク…日本代表・西川監督が監修,読売新聞,2021-03-19,https://www.yomiuri.co.jp/olympic/2020/20210319-OYT1T50116/
スケボー・西川監督「５、６月の２大会へ選手派遣を調整」,読売新聞,2021-03-19,https://www.yomiuri.co.jp/olympic/2020/20210319-OYT1T50121/
茨城に国内最大級スケボーパーク…日本代表・西川監督が監修,読売新聞,2021-03-19,https://www.yomiuri.co.jp/stream/article/17191/
ゼロエフ　古川日出男著　講談社　１８００円,読売新聞,2021-03-14,https://www.yomiuri.co.jp/culture/book/review/20210313-OYT8T50144/
五輪へ市民ボランティアの活動、記録映像を上映,読売新聞,2021-03-11,https://www.yomiuri.co.jp/olympic/2020/20210310-OYT8T50149/
２０２１年３月　電話全国世論調査　質問と回答,読売新聞,2021-03-08,https://www.yomiuri.co.jp/election/yoron-chosa/20210307-OYT1T50189/
ジャンプ　小１で夢中に,読売新聞,2021-03-06,https://www.yomiuri.co.jp/local/osaka/feature/CO042751/20210305-OYTAT50048/
タラント　第２２４回　角田光代,読売新聞,2021-03-05,https://www.yomiuri.co.jp/novel/taranto/20210304-OYT8T50091/
２０２１年２～３月　郵送全国世論調査「東京五輪・スポーツ」　質問と回答,読売新聞,2021-03-03,https://www.yomiuri.co.jp/election/yoron-chosa/20210302-OYT1T50214/
４５歳落語家が２０年ぶりに気づいた「スケボー愛」,読売新聞,2021-02-26,https://www.yomiuri.co.jp/olympic/2020/20210224-OYT1T50207/
カラオケの陰に消えたもの、消えないもの,読売新聞,2021-02-26,https://www.yomiuri.co.jp/column/chottomae/20210224-OYT8T50075/
［論点スペシャル］五輪パラ　橋本新会長に提言,読売新聞,2021-02-26,https://www.yomiuri.co.jp/commentary/20210225-OYT8T50116/
「オンライン交流賞」大賞　ホストタウン鶴岡市　モルドバとアーチェリー,読売新聞,2021-02-23,https://www.yomiuri.co.jp/local/yamagata/news/20210222-OYTNT50066/
東京オリンピックに魂を込める　その原点となった「アスリート・聖子」の時代,読売新聞,2021-02-20,https://www.yomiuri.co.jp/olympic/2020/20210220-OYT1T50112/
【特集】「水会議」で世界各国の高校生と絆を結ぶ…渋渋,読売新聞,2021-02-17,https://www.yomiuri.co.jp/kyoiku/support/information/CO036569/20210217-OYT8T50041/
２０２１年２月　電話全国世論調査　質問と回答,読売新聞,2021-02-08,https://www.yomiuri.co.jp/election/yoron-chosa/20210207-OYT1T50123/
毎回それなりに落ち込む役所広司の「下手な芝居」を助けたスタッフたち,読売新聞,2021-02-06,https://www.yomiuri.co.jp/culture/20210205-OYT1T50261/
【特集】未来のリーダーの育成を目指すＣＬクラス…桜丘,読売新聞,2021-02-05,https://www.yomiuri.co.jp/kyoiku/support/information/CO036472/20210205-OYT8T50062/
パワー系種目でも躍進へ　ニッポン競泳、陸上の可能性,読売新聞,2021-01-22,https://www.yomiuri.co.jp/olympic/2020/20210122-OYT8T50010/
『会社四季報　業界地図』編集長が展望　「2021年　伸びる業界、落ちる業界」,読売新聞,2021-01-20,https://www.yomiuri.co.jp/culture/bizforum/20210118-OYT8T50046/
菅首相の施政方針演説　全文,読売新聞,2021-01-19,https://www.yomiuri.co.jp/politics/20210118-OYT1T50217/
世界中から「集う」それだけで感動、「光」になる瞬間を探したい…河瀬直美・東京五輪公式記録映画監督,読売新聞,2021-01-17,https://www.yomiuri.co.jp/olympic/2020/20210112-OYT1T50099/
【特集】進化する海外研修で世界に飛び立つ…市川,読売新聞,2021-01-15,https://www.yomiuri.co.jp/kyoiku/support/information/CO036492/20210115-OYT8T50011/
「オリパラ一体」「障害者スポーツの価値広めるチャンス」鳥原ＪＰＣ会長インタビュー,読売新聞,2021-01-11,https://www.yomiuri.co.jp/olympic/paralympic2020/20210109-OYT1T50239/
１月７日　気流,読売新聞,2021-01-07,https://www.yomiuri.co.jp/serial/kiryu/20210106-OYT8T50072/
どんな物語入ってる？　仙台の図書館「本の福袋」,読売新聞,2021-01-06,https://www.yomiuri.co.jp/local/miyagi/news/20210105-OYTNT50115/
侍ジャパン・稲葉篤紀監督と柔道全日本男子・井上康生監督の対談全文,読売新聞,2021-01-05,https://www.yomiuri.co.jp/olympic/2020/20210105-OYT1T50139/
［語る］新年展望＜１　続き＞衆院解散　最大の武器…元首相、東京オリンピック・パラリンピック組織委員会会長　森喜朗氏　８３,読売新聞,2021-01-03,https://www.yomiuri.co.jp/politics/20210102-OYT1T50088/
［語る］新年展望＜１＞五輪　不安定な世界へ光…元首相、東京オリンピック・パラリンピック組織委員会会長　森喜朗氏　８３,読売新聞,2021-01-01,https://www.yomiuri.co.jp/politics/20201231-OYT1T50264/
【よみラジ音声解説】２０２１年の経済を展望する,読売新聞,2020-12-30,https://www.yomiuri.co.jp/choken/kijironko/ckeconomy/20210226-OYT8T50092/
今年の言葉　海外編,読売新聞,2020-12-29,https://www.yomiuri.co.jp/sports/etc/20201228-OYT1T50290/
『会社四季報　業界地図』×読売新聞「就活ON!」　自分に合った企業はこう探す！　『会社四季報　業界地図』編集長が語る徹底研究講座,読売新聞,2020-12-18,https://www.yomiuri.co.jp/culture/bizforum/20201215-OYT8T50056/
錦織「幸運な延期でした」…児童養護施設で五輪に向け心境語る,読売新聞,2020-12-16,https://www.yomiuri.co.jp/olympic/2020/20201216-OYT8T50149/
【自転車ロードレース】５６歳記者が超難関オリンピックコースを走ってみた,読売新聞,2020-12-16,https://www.yomiuri.co.jp/stream/article/16641/
【自転車ロード】５６歳記者が超難関オリンピックコースを走ってみた（後編）,読売新聞,2020-12-16,https://www.yomiuri.co.jp/olympic/2020/20201214-OYT8T50079/
［年末回顧］優勝から１年、野球「プレミア１２」組の２０２０年,読売新聞,2020-12-16,https://www.yomiuri.co.jp/olympic/2020/20201215-OYT1T50103/
キルギス遊牧民の「ユルタ」,読売新聞,2020-12-09,https://www.yomiuri.co.jp/local/tokyotama/news/20201208-OYTNT50148/
娘の結婚「親としては尊重するべきもの」…秋篠宮さま誕生日記者会見の全文,読売新聞,2020-11-30,https://www.yomiuri.co.jp/koushitsu/20201129-OYT1T50119/
東京五輪　関連組織が「露サイバー攻撃の標的に」：英政府,読売新聞,2020-11-27,https://www.yomiuri.co.jp/column/henshu/20201124-OYT8T50057/
【自転車ロード】５６歳記者が超難関オリンピックコースを走ってみた（前編）,読売新聞,2020-11-16,https://www.yomiuri.co.jp/olympic/2020/feature/20201115-OYT8T50101/
【特集】本物の英語に触れ、世界への扉を開ける…本庄東,読売新聞,2020-11-11,https://www.yomiuri.co.jp/kyoiku/support/information/CO036550/20201106-OYT8T50043/
オリンピック・パラリンピックのチケット払い戻しの詳細,読売新聞,2020-11-05,https://www.yomiuri.co.jp/olympic/2020/20201102-OYT8T50080/
菅首相の所信表明演説全文,読売新聞,2020-10-26,https://www.yomiuri.co.jp/politics/20201026-OYT1T50136/
オリンピックが変えた東京の街・モノレールと湾岸風景～「レガシー」からたどる１９６４,読売新聞,2020-10-25,https://www.yomiuri.co.jp/olympic/2020/20201020-OYT8T50064/
スポーツ庁新旧長官に聞く…心身守る役割　再認識,読売新聞,2020-10-24,https://www.yomiuri.co.jp/commentary/20201023-OYT8T50151/
五輪と映像……ＩＯＣの「譲れない一線」とは,読売新聞,2020-10-23,https://www.yomiuri.co.jp/column/henshu/20201021-OYT8T50017/
５００号ありがとう！,読売新聞,2020-10-21,https://www.yomiuri.co.jp/kodomo/fromeditor/latest/20201020-OYT8T50013/
オリンピックが変えた東京の街・「首都をきれいに！」～「レガシー」からたどる１９６４,読売新聞,2020-10-17,https://www.yomiuri.co.jp/olympic/2020/20201015-OYT8T50030/
［新聞週間　１０月１５日～２１日］戦後７５年　戦争考える夏　終わらせない,読売新聞,2020-10-14,https://www.yomiuri.co.jp/national/20201013-OYT1T50226/
オリンピックが変えた東京の街・「青山表参道」～「レガシー」からたどる１９６４,読売新聞,2020-10-10,https://www.yomiuri.co.jp/olympic/2020/20200923-OYT8T50066/
［地球遊泳］五輪簡素化　新レガシーに…結城和香子,読売新聞,2020-10-08,https://www.yomiuri.co.jp/olympic/2020/20201008-OYT1T50160/
２０１３年２月　三村明夫・新日鉄住金相談役「貿易赤字　国の総力挙げて解決を」,読売新聞,2020-10-03,https://www.yomiuri.co.jp/choken/yies/20201223-OYT8T50072/
森保一・サッカー日本代表監督の恩師が語る「今西和男チルドレン」の群像,読売新聞,2020-10-01,https://www.yomiuri.co.jp/topics/20201001-OYT8T50000/
東京オリンピックで最も楽しみなのはマラソン…アンケート調査,読売新聞,2020-09-30,https://www.yomiuri.co.jp/olympic/2020/20200930-OYT8T50063/
ＩＯＣ積極姿勢…五輪への「心証」　転換狙う,読売新聞,2020-09-30,https://www.yomiuri.co.jp/commentary/20200929-OYT8T50218/
「差別」考えるきっかけをくれた７枚の黒マスク,読売新聞,2020-09-18,https://www.yomiuri.co.jp/column/henshu/20200915-OYT8T50059/
大坂全米Ｖ「誇り」　マスクで人種差別抗議　祖父「勇気あること」,読売新聞,2020-09-15,https://www.yomiuri.co.jp/local/hokkaido/news/20200914-OYTNT50062/
コロナ禍半年　前向くパラアスリート…久々実戦、内定の吉報も,読売新聞,2020-09-14,https://www.yomiuri.co.jp/olympic/paralympic2020/20200907-OYT8T50052/
菅義偉さんが愛読する「人生案内」日本人の悩みに答えて１世紀,読売新聞,2020-09-14,https://www.yomiuri.co.jp/politics/20200909-OYT1T50144/
サッカー日本代表攻守の要、ドイツでも「ボール奪って前を向く」…遠藤航インタビュー,読売新聞,2020-09-13,https://www.yomiuri.co.jp/sports/soccer/20200912-OYT1T50335/
スポーツ愛した文豪,読売新聞,2020-08-25,https://www.yomiuri.co.jp/local/kagawa/news/20200825-OYTNT50018/
昭和の子は真夏に何を飲んでいたか,読売新聞,2020-08-21,https://www.yomiuri.co.jp/column/chottomae/20200820-OYT8T50010/
野口みずきさん解説、元箱根駅伝ランナー試走　東京五輪マラソン＠札幌が楽しみになる動画,読売新聞,2020-08-19,https://www.yomiuri.co.jp/stream/article/15904/
ＧＤＰ　厳しい先行き…コロナ前水準「２２年以降」,読売新聞,2020-08-19,https://www.yomiuri.co.jp/economy/20200818-OYT1T50321/
落語家も体力勝負。きょうも走ってます【隅田川馬石のやわらか噺】,読売新聞,2020-08-15,https://www.yomiuri.co.jp/sports/baseki_yawaraka/20200811-OYT8T50062/
「終戦」と「五輪」の時間的距離,読売新聞,2020-08-14,https://www.yomiuri.co.jp/column/henshu/20200812-OYT8T50057/
８月８日　よみうり寸評,読売新聞,2020-08-08,https://www.yomiuri.co.jp/note/yomiuri-sunpyo/20200808-OYT8T50018/
来夏見据え再始動続々…地域版に見る２度目の「オリンピック１年前」,読売新聞,2020-08-07,https://www.yomiuri.co.jp/olympic/2020/20200802-OYT8T50112/
悲惨な戦禍から奇跡の復興、そして東京五輪…動画で考える「戦後75年」,読売新聞,2020-08-06,https://www.yomiuri.co.jp/national/20200731-OYT1T50146/
１９６４年東京オリンピック・マラソン、飛田給の折り返し,読売新聞,2020-08-01,https://www.yomiuri.co.jp/olympic/2020/20200803-OYT8T50156/
終わらぬ夏＜１＞「露営の歌」にじむ哀感…作曲家・古関裕而の長男　古関正裕さん（７４）,読売新聞,2020-08-01,https://www.yomiuri.co.jp/national/20200801-OYT1T50071/
カヌースラローム競技　トレーニング再開,読売新聞,2020-07-31,https://www.yomiuri.co.jp/stream/article/15800/
希望と勇気、努力と強い意志,読売新聞,2020-07-29,https://www.yomiuri.co.jp/kyoiku/kyoiku/20200728-OYT8T50004/
羽生・大谷、「みうみま」…世代で見るオリンピック内定・注目選手,読売新聞,2020-07-25,https://www.yomiuri.co.jp/olympic/2020/20200725-OYT1T50131/
１年後の東京オリンピック、何がどう変わる？,読売新聞,2020-07-25,https://www.yomiuri.co.jp/olympic/2020/20200725-OYT8T50004/
オリンピックで勝つため、女優になれ…ソフトボール宇津木妙子さん,読売新聞,2020-07-22,https://www.yomiuri.co.jp/olympic/2020/20200715-OYT8T50012/
パラレルワールドの東京2020,読売新聞,2020-07-22,https://www.yomiuri.co.jp/olympic/2020/20200719-OYT8T50010/
聖火はともる 再び…紙面で振り返る夏季五輪開会式,読売新聞,2020-07-22,https://www.yomiuri.co.jp/topics/20200721-OYT8T50044/
「ばあさんは１５歳」　五輪関係なく暴れ出す…阿川佐和子さん　連載を終えて,読売新聞,2020-07-21,https://www.yomiuri.co.jp/culture/20200720-OYT8T50135/
新国立完成、１９６４年のメダルラッシュ…動画で楽しむ「東京オリンピックまで１年」,読売新聞,2020-07-17,https://www.yomiuri.co.jp/olympic/2020/20200712-OYT1T50111/
［週刊エンタメ］東京ご当地ソング集で　美空ひばりを堪能する,読売新聞,2020-07-11,https://www.yomiuri.co.jp/culture/20200710-OYT8T50116/
「いだてん～東京オリムピック噺～」 筑波大,読売新聞,2020-06-29,https://www.yomiuri.co.jp/local/ibaraki/feature/CO045353/20200629-OYTAT50020/
アナザー１９６４　パラリンピック序章　稲泉連著　小学館　１７００円,読売新聞,2020-06-28,https://www.yomiuri.co.jp/culture/book/review/20200627-OYT8T50102/
６月１９日　よみうり寸評,読売新聞,2020-06-19,https://www.yomiuri.co.jp/note/yomiuri-sunpyo/20200619-OYT8T50014/
競泳金メダル５個のレデッキー「延期でよかった。東京は５種目で金狙う」…インタビュー完全版,読売新聞,2020-06-16,https://www.yomiuri.co.jp/olympic/2020/20200612-OYT1T50245/
［アスリートはいま］ノートに描く「金」ルート…トライアスロン女子　上田藍　３６（ペリエ・グリーンタワー・ブリヂストン・稲毛インター）,読売新聞,2020-06-12,https://www.yomiuri.co.jp/olympic/2020/20200611-OYT1T50314/
カレンダー「間に合わない」…祝日移動で　業者悲鳴,読売新聞,2020-06-05,https://www.yomiuri.co.jp/olympic/2020/20200605-OYT1T50201/
【特集】興味を伸ばし、将来につなげる「フィールドプログラム」…浦和ルーテル,読売新聞,2020-06-05,https://www.yomiuri.co.jp/kyoiku/support/information/CO036547/20200604-OYT8T50034/
２０２０年３～４月　郵送全国世論調査「社会意識」,読売新聞,2020-05-29,https://www.yomiuri.co.jp/election/yoron-chosa/20200528-OYT1T50306/
新型コロナ禍でプロ野球シーズン短縮…試合消化ができなかった過去の理由は？,読売新聞,2020-05-27,https://www.yomiuri.co.jp/sports/npb/20200526-OYT1T50144/
往年の名チャンプ山中慎介さん、五輪代表ボクサーを激励,読売新聞,2020-05-24,https://www.yomiuri.co.jp/stream/article/15381/
７０メートル先のCDを狙う　アーチェリー選手の凄さとは？,読売新聞,2020-04-30,https://www.yomiuri.co.jp/olympic/2020/20200727-OYT8T50050/
全国高校総体が中止、夏の甲子園大会の開催は？,読売新聞,2020-04-28,https://www.yomiuri.co.jp/sports/koshien/20200428-OYT1T50112/
選手の「声」届けます…ＶＯＩＣＥ　ｆｒｏｍ　ＳＮＳ,読売新聞,2020-04-20,https://www.yomiuri.co.jp/olympic/2020/20200416-OYT8T50133/
［時代の証言者］終末期を支える　山崎章郎＜４＞薬害に衝撃　医師志す,読売新聞,2020-04-20,https://www.yomiuri.co.jp/serial/jidai/20200419-OYT8T50014/
ボクシング村田諒太　オンライン講座で後輩激励,読売新聞,2020-04-19,https://www.yomiuri.co.jp/stream/article/15224/
世界の国歌演奏しよう、生徒が東ティモール大使館へ…国立音大附,読売新聞,2020-04-07,https://www.yomiuri.co.jp/kyoiku/support/information/CO036617/20200327-OYT8T50027/
家族、恩師、地元から選手へエール…オリンピック延期,読売新聞,2020-04-01,https://www.yomiuri.co.jp/olympic/2020/20200331-OYT8T50111/
コロナで延期の東京五輪、１９４０の失敗を繰り返さないために,読売新聞,2020-04-01,https://www.yomiuri.co.jp/column/japanesehistory/20200330-OYT8T50120/
スタート直前に聖火リレー延期…あの人は何と言った？,読売新聞,2020-03-28,https://www.yomiuri.co.jp/olympic/2020/20200327-OYT8T50070/
柔道・大野将平インタビュー詳細版「５年は逆に面白い」,読売新聞,2020-03-27,https://www.yomiuri.co.jp/olympic/2020/20200327-OYT1T50224/
［アスリートはいま］「絶対王者」へ　英気養う…柔道男子７３キロ級　大野将平　２８（旭化成）,読売新聞,2020-03-27,https://www.yomiuri.co.jp/olympic/2020/20200327-OYT1T50036/
こんな時だからポジティブに…オリンピック延期に選手たちがＳＮＳで発信,読売新聞,2020-03-25,https://www.yomiuri.co.jp/olympic/2020/20200325-OYT8T50098/
「チケットは？」「マラソンの札幌開催はどうなる？」…延期が決まった東京オリンピックについて組織委の会見詳報,読売新聞,2020-03-24,https://www.yomiuri.co.jp/olympic/2020/20200324-OYT1T50279/
「聖火」福島県で当面保管、聖火リレー・セレモニー実施せず,読売新聞,2020-03-24,https://www.yomiuri.co.jp/olympic/2020/20200324-OYT1T50274/
東京五輪・パラ、２１年夏までに開催…首相とＩＯＣ合意,読売新聞,2020-03-24,https://www.yomiuri.co.jp/olympic/2020/20200324-OYT1T50267/
ノックアウトが盛り上がる…３人制バスケのルールと見どころ解説,読売新聞,2020-03-23,https://www.yomiuri.co.jp/olympic/2020/20200310-OYT8T50016/
双眼鏡で探したいスポーツクライミングの「隠れミッキー」,読売新聞,2020-03-23,https://www.yomiuri.co.jp/olympic/2020/20200304-OYT8T50024/
スポーツクライミングの見どころ、プロフリークライマーの尾川とも子さんが解説,読売新聞,2020-03-23,https://www.yomiuri.co.jp/olympic/2020/20200311-OYT8T50168/
中学生スケートボーダー中山楓奈選手、技の魅力を解説【動画】,読売新聞,2020-03-19,https://www.yomiuri.co.jp/olympic/2020/20200319-OYT8T50038/
【動画】スケボー中山楓奈選手　東京オリンピックの夢を語る,読売新聞,2020-03-19,https://www.yomiuri.co.jp/olympic/2020/20200319-OYT8T50037/
逆風下のオリンピック代表内定・確実…ＳＮＳで反響が大きかったのはあの選手,読売新聞,2020-03-18,https://www.yomiuri.co.jp/olympic/2020/20200316-OYT1T50010/
炎と煙でつないだ聖火…1964トーチ開発物語,読売新聞,2020-03-13,https://www.yomiuri.co.jp/olympic/2020/20200226-OYT1T50201/
「日本男児の意地」岡沢セオン、男子ウエルター級の代表内定,読売新聞,2020-03-11,https://www.yomiuri.co.jp/olympic/2020/20200311-OYT1T50214/
【聖火】ノーベル賞大村さんは甲府、聖火ランナーの走行市町村発表…山梨,読売新聞,2020-03-11,https://www.yomiuri.co.jp/olympic/2020/20200311-OYT8T50031/
クライミング会場で運営テスト…コロナ禍で現役選手は不参加,読売新聞,2020-03-09,https://www.yomiuri.co.jp/stream/article/14906/
中村・服部に続き大迫内定…マラソン３人衆が「箱根」に残した足跡,読売新聞,2020-03-08,https://www.yomiuri.co.jp/olympic/2020/20200308-OYT1T50113/
びわ湖毎日で日本人トップ、作田直也は一般参加…２時間８分台で快走,読売新聞,2020-03-08,https://www.yomiuri.co.jp/olympic/2020/20200308-OYT1T50109/
ＭＧＣの雪辱を…ワコール勢ら名古屋で東京オリンピックに向け最終決戦へ,読売新聞,2020-03-08,https://www.yomiuri.co.jp/olympic/2020/20200308-OYT1T50079/
【速報終了】大迫の記録を破るのは誰？…びわ湖毎日マラソン,読売新聞,2020-03-08,https://www.yomiuri.co.jp/olympic/2020/20200308-OYT1T50080/
アジアを巡った聖火…56年前のリレーを目撃したカメラマン,読売新聞,2020-03-06,https://www.yomiuri.co.jp/olympic/2020/20200305-OYT1T50156/
ビビりか、強心臓か？　技巧派ボクサー・岡沢セオン、東京オリンピックでの躍進目指す,読売新聞,2020-03-04,https://www.yomiuri.co.jp/olympic/2020/20200303-OYT1T50232/
国際子ども図書館でスポーツの本を紹介,読売新聞,2020-03-04,https://www.yomiuri.co.jp/kyoiku/kyoiku/20200303-OYT8T50080/
名実況あり、国民的ヒロイン誕生あり…久々「金」はドラマチック,読売新聞,2020-03-03,https://www.yomiuri.co.jp/olympic/2020/20200302-OYT1T50206/
梶原　不屈のペダル…自転車「金」　落車、負傷乗り越え,読売新聞,2020-02-29,https://www.yomiuri.co.jp/olympic/2020/20200229-OYT1T50158/
スポーツクライミング「複合」～どうやって順位を付ける？,読売新聞,2020-02-27,https://www.yomiuri.co.jp/olympic/2020/20200227-OYT8T50030/
「めざせ澤穂希」杉田妃和に注目…なでしこジャパン,読売新聞,2020-02-25,https://www.yomiuri.co.jp/olympic/2020/20200225-OYT1T50208/
［迎える　Tokyo2020］もてなす心　脈々…利休「飲みやすい茶を」,読売新聞,2020-02-25,https://www.yomiuri.co.jp/olympic/2020/20200224-OYT1T50204/
天皇陛下６０歳、新型コロナの早期収束願う…６４年五輪「世界との出会い」,読売新聞,2020-02-23,https://www.yomiuri.co.jp/kaigen/news/20200223-OYT1T50116/
天皇陛下　６０歳誕生日の記者会見　要旨,読売新聞,2020-02-23,https://www.yomiuri.co.jp/kaigen/news/20200222-OYT1T50310/
天皇陛下６０歳の誕生日記者会見（全文）,読売新聞,2020-02-23,https://www.yomiuri.co.jp/kaigen/news/20200222-OYT1T50330/
新競技「スポーツクライミング」の成績算出方法を解説,読売新聞,2020-02-21,https://www.yomiuri.co.jp/stream/article/14787/
聖火リレー豆知識、1964年との違いは？,読売新聞,2020-02-20,https://www.yomiuri.co.jp/olympic/2020/20200206-OYT1T50208/
日本が「金」予測で世界３位返り咲き…２位中国はアメリカに肉薄,読売新聞,2020-02-19,https://www.yomiuri.co.jp/olympic/2020/20200217-OYT1T50201/
聖火リレーリハーサル、一足早くトーチを追いかけた,読売新聞,2020-02-17,https://www.yomiuri.co.jp/olympic/2020/20200217-OYT1T50091/
